광역,기초,경찰서
강원,강릉시,강원강릉경찰서
강원,고성군,강원고성경찰서
강원,동해시,강원동해경찰서
강원,삼척시,강원삼척경찰서
강원,속초시,강원속초경찰서
강원,양양군,강원속초경찰서
강원,양구군,강원양구경찰서
강원,영월군,강원영월경찰서
강원,원주시,강원원주경찰서
강원,인제군,강원인제경찰서
강원,정선군,강원정선경찰서
강원,철원군,강원철원경찰서
강원,춘천시,강원춘천경찰서
강원,태백시,강원태백경찰서
강원,평창군,강원평창경찰서
강원,홍천군,강원홍천경찰서
강원,화천군,강원화천경찰서
강원,횡성군,강원횡성경찰서
경기,가평군,경기가평경찰서
경기,고양시 덕양구,경기고양경찰서
경기,고양시 일산동구,경기일산동부경찰서
경기,고양시 일산서구,경기일산서부경찰서
경기,과천시,경기과천경찰서
경기,광명시,경기광명경찰서
경기,광주시,경기광주경찰서
경기,구리시,경기구리경찰서
경기,군포시,경기군포경찰서
경기,김포시,경기김포경찰서
경기,남양주시,경기남양주경찰서
경기,동두천시,경기동두천경찰서
경기,성남시 분당구,경기분당경찰서
경기,성남시 수정구,경기성남수정경찰서
경기,성남시 중원구,경기성남중원경찰서
경기,시흥시,경기시흥경찰서
경기,안산시 단원구,경기안산단원경찰서
경기,안산시 상록구,경기안산상록경찰서
경기,안성시,경기안성경찰서
경기,안양시 동안구,경기안양동안경찰서
경기,안양시 만안구,경기안양만안경찰서
경기,양주시,경기양주경찰서
경기,양평군,경기양평경찰서
경기,여주시,경기여주경찰서
경기,연천군,경기연천경찰서
경기,의왕시,경기의왕경찰서
경기,의정부시,경기의정부경찰서
경기,이천시,경기이천경찰서
경기,파주시,경기파주경찰서
경기,평택시,경기평택경찰서
경기,포천시,경기포천경찰서
경기,하남시,경기하남경찰서
경기,부천시,경기부천소사경찰서
경기,부천시,경기부천오정경찰서
경기,부천시,경기부천원미경찰서
경기,수원시,경기수원남부경찰서
경기,수원시,경기수원서부경찰서
경기,수원시,경기수원중부경찰서
경기,오산시,경기오산경찰서
경기,용인시,경기용인동부경찰서
경기,용인시,경기용인서부경찰서
경기,화성시,경기화성동부경찰서
경기,화성시,경기화성동탄경찰서
경기,화성시,경기화성서부경찰서
경남,거제시,경남거제경찰서
경남,거창군,경남거창경찰서
경남,고성군,경남고성경찰서
경남,남해군,경남남해경찰서
경남,밀양시,경남밀양경찰서
경남,사천시,경남사천경찰서
경남,산청군,경남산청경찰서
경남,양산시,경남양산경찰서
경남,의령군,경남의령경찰서
경남,진주시,경남진주경찰서
경남,창녕군,경남창녕경찰서
경남,창원시 진해구,경남진해경찰서
경남,통영시,경남통영경찰서
경남,하동군,경남하동경찰서
경남,함안군,경남함안경찰서
경남,함양군,경남함양경찰서
경남,합천군,경남합천경찰서
경남,김해시,경남김해서부경찰서
경남,김해시,경남김해중부경찰서
경남,,경남마산동부경찰서
경남,,경남마산중부경찰서
경남,,경남창원서부경찰서
경남,,경남창원중부경찰서
경북,경산시,경북경산경찰서
경북,경주시,경북경주경찰서
경북,고령군,경북고령경찰서
경북,구미시,경북구미경찰서
경북,군위군,경북군위경찰서
경북,김천시,경북김천경찰서
경북,문경시,경북문경경찰서
경북,봉화군,경북봉화경찰서
경북,상주시,경북상주경찰서
경북,성주군,경북성주경찰서
경북,안동시,경북안동경찰서
경북,영덕군,경북영덕경찰서
경북,영양군,경북영양경찰서
경북,영주시,경북영주경찰서
경북,영천시,경북영천경찰서
경북,예천군,경북예천경찰서
경북,울릉군,경북울릉경찰서
경북,울진군,경북울진경찰서
경북,의성군,경북의성경찰서
경북,청도군,경북청도경찰서
경북,청송군,경북청송경찰서
경북,칠곡군,경북칠곡경찰서
경북,포항시 남구,경북포항남부경찰서
경북,포항시 북구,경북포항북부경찰서
광주,광산구,광주광산경찰서
광주,남구,광주남부경찰서
광주,동구,광주동부경찰서
광주,북구,광주북부경찰서
광주,서구,광주서부경찰서
경남,,남해해양경비안전본부
부산,,부산해양경비안전서
울산,,울산해양경비안전서
경남,,창원해양경비안전서
경남,,통영해양경비안전서
대구,남구,대구남부경찰서
대구,달성군,대구달성경찰서
대구,동구,대구동부경찰서
대구,서구,대구서부경찰서
대구,수성구,대구수성경찰서
대구,중구,대구중부경찰서
대구,,대구강북경찰서
대구,,대구달서경찰서
대구,,대구북부경찰서
대구,,대구성서경찰서
대전,유성구,대전유성경찰서
대전,중구,대전중부경찰서
대전,,대전대덕경찰서
대전,,대전동부경찰서
대전,,대전둔산경찰서
대전,,대전서부경찰서
강원,,동해해양경비안전본부
강원,,동해해양경비안전서
강원,,속초해양경비안전서
경북,,울진해양경찰서
경북,,포항해양경비안전서
부산,강서구,부산강서경찰서
부산,금정구,부산금정경찰서
부산,기장군,부산기장경찰서
부산,동구,부산동부경찰서
부산,동래구,부산동래경찰서
부산,부산진구,부산진경찰서
부산,북구,부산북부경찰서
부산,사상구,부산사상경찰서
부산,사하구,부산사하경찰서
부산,서구,부산서부경찰서
부산,영도구,부산영도경찰서
부산,중구,부산중부경찰서
부산,해운대구,부산해운대경찰서
부산,,부산남부경찰서
부산,,부산연제경찰서
서울,강동구,서울강동경찰서
서울,강북구,서울강북경찰서
서울,강서구,서울강서경찰서
서울,관악구,서울관악경찰서
서울,광진구,서울광진경찰서
서울,구로구,서울구로경찰서
서울,금천구,서울금천경찰서
서울,노원구,서울노원경찰서
서울,도봉구,서울도봉경찰서
서울,동대문구,서울동대문경찰서
서울,동작구,서울동작경찰서
서울,마포구,서울마포경찰서
서울,서대문구,서울서대문경찰서
서울,성동구,서울성동경찰서
서울,송파구,서울송파경찰서
서울,양천구,서울양천경찰서
서울,영등포구,서울영등포경찰서
서울,용산구,서울용산경찰서
서울,,서울강남경찰서
서울,,서울남대문경찰서
서울,,서울방배경찰서
서울,,서울서부경찰서
서울,,서울서초경찰서
서울,,서울성북경찰서
서울,,서울수서경찰서
서울,,서울은평경찰서
서울,,서울종로경찰서
서울,,서울종암경찰서
서울,,서울중랑경찰서
서울,,서울중부경찰서
서울,,서울혜화경찰서
전북,,군산해양경비안전서
전남,,목포해양경비안전서
충남,,보령해양경비안전서
전북,,부안해양경비안전서
전남,,서해해양경비안전본부
전남,,여수해양경비안전서
전남,,완도해양경비안전서
경기,,평택해양경비안전서
울산,남구,울산남부경찰서
울산,울주군,울산울주경찰서
울산,,울산동부경찰서
울산,,울산중부경찰서
인천,강화군,인천강화경찰서
인천,계양구,인천계양경찰서
인천,남구,인천남부경찰서
인천,남동구,인천남동경찰서
인천,서구,인천서부경찰서
인천,연수구,인천연수경찰서
인천,중구,인천중부경찰서
인천,동구,인천중부경찰서
인천,옹진군,인천중부경찰서
인천,,인천논현경찰서
인천,,인천부평경찰서
인천,,인천삼산경찰서
전남,강진군,전남강진경찰서
전남,고흥군,전남고흥경찰서
전남,곡성군,전남곡성경찰서
전남,광양시,전남광양경찰서
전남,구례군,전남구례경찰서
전남,나주시,전남나주경찰서
전남,담양군,전남담양경찰서
전남,목포시,전남목포경찰서
전남,신안군,전남목포경찰서
전남,무안군,전남무안경찰서
전남,보성군,전남보성경찰서
전남,순천시,전남순천경찰서
전남,여수시,전남여수경찰서
전남,영광군,전남영광경찰서
전남,영암군,전남영암경찰서
전남,완도군,전남완도경찰서
전남,장성군,전남장성경찰서
전남,장흥군 ,전남장흥경찰서
전남,진도군,전남진도경찰서
전남,함평군,전남함평경찰서
전남,해남군,전남해남경찰서
전남,화순군,전남화순경찰서
전북,고창군,전북고창경찰서
전북,군산시,전북군산경찰서
전북,김제시,전북김제경찰서
전북,남원시,전북남원경찰서
전북,무주군,전북무주경찰서
전북,부안군,전북부안경찰서
전북,순창군,전북순창경찰서
전북,완주군,전북완주경찰서
전북,익산시,전북익산경찰서
전북,임실군,전북임실경찰서
전북,장수군,전북장수경찰서
전북,전주시 덕진구,전북전주덕진경찰서
전북,전주시 완산구,전북전주완산경찰서
전북,정읍시,전북정읍경찰서
전북,진안군,전북진안경찰서
제주,서귀포시,제주서귀포경찰서
제주,,서귀포해양경비안전서
제주,,제주동부경찰서
제주,,제주서부경찰서
제주,,제주해양경비안전본부
제주,,제주해양경비안전서
인천,,인천해양경비안전서
인천,,중부해양경비안전본부
충남,,태안해양경비안전서
충남,공주시,충남공주경찰서
충남,금산군,충남금산경찰서
충남,논산시,충남논산경찰서
충남,계룡시,충남논산경찰서
충남,당진시,충남당진경찰서
충남,보령시,충남보령경찰서
충남,부여군,충남부여경찰서
충남,서산시,충남서산경찰서
충남,서천군,충남서천경찰서
세종,세종시,충남세종경찰서
충남,아산시,충남아산경찰서
충남,예산군,충남예산경찰서
충남,천안시 동남구,충남천안동남경찰서
충남,천안시 서북구,충남천안서북경찰서
충남,청양군,충남청양경찰서
충남,태안군,충남태안경찰서
충남,홍성군,충남홍성경찰서
충북,괴산군,충북괴산경찰서
충북,증평군,충북괴산경찰서
충북,단양군,충북단양경찰서
충북,보은군,충북보은경찰서
충북,영동군,충북영동경찰서
충북,옥천군,충북옥천경찰서
충북,음성군,충북음성경찰서
충북,제천시,충북제천경찰서
충북,진천군,충북진천경찰서
충북,충주시,충북충주경찰서
충북,청주시,충북청주상당경찰서
충북,청주시,충북청주청원경찰서
충북,청주시,충북청주흥덕경찰서
세종,,해양경비안전본부
